{
  "model": {
    "type": "range_dispatch",
    "property": "custom_model_data",
    "entries": [
      { "threshold": 1000110000, "model": { "type": "model", "model": "smptweaks:item/blocks/autocrafter_block" } },
      { "threshold": 1000120000, "model": { "type": "model", "model": "smptweaks:item/blocks/autocrafter_block_extra" } },
      { "threshold": 1000210000, "model": { "type": "model", "model": "smptweaks:item/blocks/autotrader_block" } },
      { "threshold": 1000220000, "model": { "type": "model", "model": "smptweaks:item/blocks/autotrader_block_extra" } }
    ],
    "fallback": {
      "type": "model",
      "model": "block/dispenser"
    }
  }
}